item_name,url,thumbnail_url,price
Today only: Bestsellers in Kindle eBooks for $4.99 or less,https://www.amazon.com/s/browse/?ie=UTF8&node=7788141011&ref=dlx_deals_gd_dcl_img_0_29db6e13_dt_sl15_bd,https://m.media-amazon.com/images/I/61snfRJBh5L.jpg,1.99
DARKIRON Deep tissue massager,https://www.amazon.com/deal/71410a33?showVariations=true&ref=dlx_deals_gd_dcl_img_1_71410a33_dt_sl15_bd,https://m.media-amazon.com/images/I/41YYWodRffL.jpg,79.98
Save on Mrs. Meyer's Clean Day Products,https://www.amazon.com/deal/8a051d97?showVariations=true&ref=dlx_deals_gd_dcl_img_2_8a051d97_dt_sl15_bd,https://m.media-amazon.com/images/I/41Nr5Cq9AdL.jpg,7.72
Up to 14% off Instax Mini 11 Instant Cameras,https://www.amazon.com/deal/0a4c9734?showVariations=true&ref=dlx_deals_gd_dcl_img_3_0a4c9734_dt_sl15_bd,https://m.media-amazon.com/images/I/41OGJeKN0NL.jpg,59.95
DEWALT 20V Max Cordless 10-Tool Combo Kit,https://www.amazon.com/DEWALT-DCK1020D2-20V-Combo-Kit/dp/B0773CS85H?ref=dlx_deals_gd_dcl_img_4_864bba9f_dt_sl15_bd,https://m.media-amazon.com/images/I/51ukjsw6ilL.jpg,599.00
Save on select Samsung TVs,https://www.amazon.com/deal/392f1fc0?showVariations=true&ref=dlx_deals_gd_dcl_img_5_392f1fc0_dt_sl15_bd,https://m.media-amazon.com/images/I/41rvBd3JBVS.jpg,457.99
Save on select Samsung Audio products,https://www.amazon.com/deal/8a34c9db?showVariations=true&ref=dlx_deals_gd_dcl_img_6_8a34c9db_dt_sl15_bd,https://m.media-amazon.com/images/I/11MF9zA8l-S.jpg,197.99
Up to 20% off Coleman Holiday Essentials,https://www.amazon.com/deal/331bec92?showVariations=true&ref=dlx_deals_gd_dcl_img_7_331bec92_dt_sl15_bd,https://m.media-amazon.com/images/I/318P7LDtcjL.jpg,7.98
"29% off ZeroWater 10-cup water pitcher, filter and TDS meter",https://www.amazon.com/ZeroWater-Pitcher-Quality-BPA-Free-Certified/dp/B0073PZ6O0?ref=dlx_deals_gd_dcl_img_8_097a7ae6_dt_sl15_bd,https://m.media-amazon.com/images/I/41XisYiecNL.jpg,24.99
Save on select titles from EA,https://www.amazon.com/stores/page/preview?isSlp=1&isPreview=1&asins=B096NB1JS9%2CB096NCZ9G2%2CB096NGLW78%2CB096NB311H%2CB098KVCFM8%2CB098KVSF9R%2CB098KS12NL%2CB098KVYWQD%2CB098KVHZ3P%2CB09D23785P%2CB09D1WHQYF%2CB09D1Z3TND%2CB09D22Q4ZJ%2CB0925HH9YT%2CB092NG685M%2CB0925HD7Q5%2CB08MXTDGN6%2CB08MXVNZWP%2CB08Q43BKHG%2CB08Q3V2TXV%2CB08T488259%2CB0869GK2MK%2C&ref=dlx_deals_gd_dcl_img_9_95125820_dt_sl15_bd,https://m.media-amazon.com/images/I/513GiBdDruL.jpg,29.99
Up to 15% off Men's & Women's Fashion from Amazon Brands,https://www.amazon.com/deal/8fca4759?moreDeals=ad1af804%2Cc6750558%2Cf3764215&searchAlias=fashion&ref=dlx_deals_gd_dcl_img_10_8fca4759_dt_sl15_bd,https://m.media-amazon.com/images/I/41P1mwIl9uS.jpg,10.95
"OxGord Windshield Snow Cover - Original Design - Best for Ice, Frost & Snow Removal - All Weather Winter & Summer Front Window Automotive Covers Sun & Snow-Shade - Fits Truck SUV Van Car Accessories",https://www.amazon.com/OxGord-Windshield-Removal-Protector-Scraping/dp/B01AOHYT50?ref=dlx_deals_gd_dcl_img_11_de20aff4_dt_sl15_bd,https://m.media-amazon.com/images/I/41V13JKf6zL.jpg,21.20
Save on Select Melissa & Doug toys,https://www.amazon.com/b?node=23686126011&ref=dlx_deals_gd_dcl_img_12_b17f4207_dt_sl15_bd,https://m.media-amazon.com/images/I/41qCPl05gwS.jpg,No Price Found
Up to 20% off Bowflex and Schwinn Fitness Exercise Equipment,https://www.amazon.com/b?ie=UTF8&node=23707090011&field-enc-merchantbin=ATVPDKIKX0DER&suppress-ve=1&ref=dlx_deals_gd_dcl_img_13_2e2dd258_dt_sl15_bd,https://m.media-amazon.com/images/I/41R0JzQ1JLL.jpg,119.00
Save on select digital Steam titles from EA,https://www.amazon.com/stores/page/preview?isSlp=1&isPreview=1&asins=B09CDHZ1DD%2CB09CDGDXQ4%2CB094JG1ZVX%2CB094JGR77Y%2CB09G5NL147%2CB09G5F418Q%2CB094BX4J4L%2CB0882G76YD%2CB08GPKC3TW%2C&ref=dlx_deals_gd_dcl_img_14_570bce80_dt_sl15_bd,https://m.media-amazon.com/images/I/41skPHoy88L.jpg,7.99
Save on Assassin's Creed for Xbox Digital by Ubisoft,https://www.amazon.com/stores/page/preview?isSlp=1&isPreview=1&asins=B07DK35DQ2%2CB07DMB8SP7%2CB07DMB1MKV%2CB07DMCRJ56%2CB071G6JQBG%2CB071G6NZ28%2CB071JSJVJS%2CB087XR2X4N%2CB087XQT2YW&ref=dlx_deals_gd_dcl_img_15_58041b8d_dt_sl15_bd,https://m.media-amazon.com/images/I/51-TGewDEHL.jpg,24.00
Up to 37% off Samsung Monitors,https://www.amazon.com/deal/322befb2?showVariations=true&ref=dlx_deals_gd_dcl_img_16_322befb2_dt_sl15_bd,https://m.media-amazon.com/images/I/417yd2ha6BL.jpg,139.99
"Cordless Vacuum, Cordless Vacuum Cleaner with 80000 RPM High-Speed Brushless Motor, 250W Brushless Motor Stick Vacuum, 4 in 1 Lightweight Handheld Vacuum for Hardwood Floor Pet Hair",https://www.amazon.com/Cordless-High-Speed-Brushless-Lightweight-Handheld/dp/B09MT43V8Y?ref=dlx_deals_gd_dcl_img_17_15d57b64_dt_sl15_bd,https://m.media-amazon.com/images/I/41fSw056NuL.jpg,159.99
"Amcrest UltraHD 4K (8MP) Outdoor Bullet POE IP Camera, 3840x2160, 98ft NightVision, 2.8mm Lens, IP67 Weatherproof, MicroSD Recording, White (IP8M-2496EW-V2)",https://www.amazon.com/gp/slredirect/picassoRedirect.html?id=6003989921217217&adId=A033234712S42KDVJZWLG&qualifier=1640882717&widgetName=sp_gb_main_supple&url=https%3A%2F%2Fwww.amazon.com%2FAmcrest-3840x2160-NightVision-Weatherproof-IP8M-2496EW-28MM%2Fdp%2FB07V1WKRBB%3Fref%3Ddlx_deals_gd_dcl_img_18_2ee6f741_dt_sl15_bd,https://m.media-amazon.com/images/I/31X8amJOtTL.jpg,84.99
Save on Quest 2 accessories from Oculus,https://www.amazon.com/stores/page/preview?isSlp=1&isPreview=1&asins=B081SHD773%2CB08F5VCNCY%2CB08F5TZW2J%2CB09CZ4QV5S%2CB08F5T3F9Y%2CB09BC2W75B%2C&ref=dlx_deals_gd_dcl_img_19_3cd3118d_dt_sl15_bd,https://m.media-amazon.com/images/I/31PQSkTsElL.jpg,39.00
"ALORAIR Storm LGR Extreme Smart WiFi Commercial Dehumidifier with Pump, 180 PPD at AHAM, 5 Years Warranty, cETL Listed, Memory Starting, for Damage Restoration, Crawlspace and Basement Drying, Red",https://www.amazon.com/gp/slredirect/picassoRedirect.html?id=6003989921217217&adId=A029378132BHLN1PSL5FY&qualifier=1640882717&widgetName=sp_gb_main_supple&url=https%3A%2F%2Fwww.amazon.com%2FAlorAir-Commercial-Dehumidifier-Restoration-Crawlspace%2Fdp%2FB086D9J59H%3Fref%3Ddlx_deals_gd_dcl_img_20_62c492ec_dt_sl15_bd,https://m.media-amazon.com/images/I/51x9cM5eVvL.jpg,823.74
Up to 38% off on Medify Air Purifiers,https://www.amazon.com/deal/bef7130c?showVariations=true&ref=dlx_deals_gd_dcl_img_21_bef7130c_dt_sl15_bd,https://m.media-amazon.com/images/I/41K5qjtiCbL.jpg,59.99
Up to 43% off select Motorola smartphones,https://www.amazon.com/deal/bc883746?showVariations=true&ref=dlx_deals_gd_dcl_img_22_bc883746_dt_sl15_bd,https://m.media-amazon.com/images/I/71MiNDiFz1L.jpg,119.99
"Disposable Gloves, 100Pcs Vinyl Gloves Non Sterile, Powder Free, Latex Free - Cleaning Supplies, Kitchen and Food Safe, Medium (Pack of 100)",https://www.amazon.com/gp/slredirect/picassoRedirect.html?id=6003989921217217&adId=A0666124MZ6SHK4654E9&qualifier=1640882717&widgetName=sp_gb_main_supple&url=https%3A%2F%2Fwww.amazon.com%2FDisposable-Gloves-100Pcs-Sterile-Powder%2Fdp%2FB08778R2R1%3Fref%3Ddlx_deals_gd_dcl_img_23_d66bf767_dt_sl15_bd,https://m.media-amazon.com/images/I/411PAxV9GML.jpg,16.99
Save on DEWALT 20V Batteries & Tools,https://www.amazon.com/deal/1c339eaf?showVariations=true&ref=dlx_deals_gd_dcl_img_24_1c339eaf_dt_sl15_bd,https://m.media-amazon.com/images/I/41YsUGtIOtS.jpg,97.99
Up to 36% off select Garmin watches and Navigation products,https://www.amazon.com/deal/1ce98799?showVariations=true&ref=dlx_deals_gd_dcl_img_25_1ce98799_dt_sl15_bd,https://m.media-amazon.com/images/I/41ZytXNmabL.jpg,129.99
Up to 70% off select Christmas Trees,https://www.amazon.com/deal/2c4ca694?showVariations=true&ref=dlx_deals_gd_dcl_img_26_2c4ca694_dt_sl15_bd,https://m.media-amazon.com/images/I/51V1usUcSpL.jpg,16.98
"LEVOIT Air Purifiers for Home Large Room, Smart WiFi and PM2.5 Monitor, H13 True HEPA Filter Removes Up to 99.99% of Particles, Pet Allergies, Smoke, Dust, Auto Mode, Alexa Control, 403 sq.ft, White",https://www.amazon.com/LEVOIT-Purifier-Allergies-Core-400S/dp/B08R794ZMX?ref=dlx_deals_gd_dcl_img_27_d74d4437_dt_sl15_bd,https://m.media-amazon.com/images/I/41kjwDdlFTL.jpg,175.99
Up to 20% off Lenovo IdeaPad 3 Laptop,https://www.amazon.com/Lenovo-IdeaPad-Processor-Graphics-82KT00GVUS/dp/B09BG841VC?ref=dlx_deals_gd_dcl_img_28_e6d6dcf2_dt_sl15_bd,https://m.media-amazon.com/images/I/417aITR9MDL.jpg,479.99
"Govee Glide RGBIC Smart Wall Light, Multicolor Customizable, Music Sync Home Decor LED Light Bar for Gaming and Streaming, with 40+ Dynamic Scenes, Alexa and Google Assistant, 6 Pcs and 1 Corner",https://www.amazon.com/Govee-Multicolor-Customizable-Streaming-Assistant/dp/B091L21GZK?ref=dlx_deals_gd_dcl_img_29_ce1eccf2_dt_sl15_bd,https://m.media-amazon.com/images/I/41Icr1EjTtL.jpg,84.99
Huge Savings on Luxury Bed Sheets!,https://www.amazon.com/CGK-Unlimited-Twin-Sheet-Set/dp/B078NW36RZ?ref=dlx_deals_gd_dcl_img_30_22a8c6f7_dt_sl15_bd,https://m.media-amazon.com/images/I/41sUP6u85vL.jpg,23.79
"Save up to 20% off select cases and accessories by OtterBox, Samsung, Belkin, Tech21, and more",https://www.amazon.com/b?node=23681586011&ref=dlx_deals_gd_dcl_img_31_23168fdb_dt_sl15_bd,https://m.media-amazon.com/images/I/319EwHk1AfL.jpg,6.70
Up to 24% off AOC and Philips Monitors,https://www.amazon.com/deal/0a6106a4?ref=dlx_deals_gd_dcl_img_32_0a6106a4_dt_sl15_bd,https://m.media-amazon.com/images/I/31ISdJ6tLJL.jpg,158.99
Up to 20% Off Samsung Phones,https://www.amazon.com/deal/4680b515?showVariations=true&ref=dlx_deals_gd_dcl_img_33_4680b515_dt_sl15_bd,https://m.media-amazon.com/images/I/41fe1ZUBZ9L.jpg,624.99
"Inorin Womens Sleeveless Plaid Asymmetrical Hem Tassel Drape Open Front Cardigan Vest (X-Large, Yred)",https://www.amazon.com/Inorin-Sleeveless-Asymmetrical-Cardigan-X-Large/dp/B07YDTZDB1?ref=dlx_deals_gd_dcl_img_34_64425c6b_dt_sl15_bd,https://m.media-amazon.com/images/I/51-sQHAlTaL.jpg,17.49
Up to 32% off Bissell Floorcare and Air Purifiers,https://www.amazon.com/deal/b6dbd6ec?showVariations=true&ref=dlx_deals_gd_dcl_img_35_b6dbd6ec_dt_sl15_bd,https://m.media-amazon.com/images/I/31OtomiDieL.jpg,159.99
"USB Wall Charger, Surge Protector, POWRUI 6-Outlet Extender with 2 USB Charging Ports (2.4A Total) and Night Light",https://www.amazon.com/gp/slredirect/picassoRedirect.html?id=6003989921217217&adId=A0258924TKKGC5UQL6&qualifier=1640882717&widgetName=sp_gb_main_supple&url=https%3A%2F%2Fwww.amazon.com%2FProtector-POWRUI-6-Outlet-Extender-Charging%2Fdp%2FB07CCGBB7M%3Fref%3Ddlx_deals_gd_dcl_img_36_e6ab7af0_dt_sl15_bd,https://m.media-amazon.com/images/I/41QLuWcqFjL.jpg,16.97
Up to 30% off Colgate Selection,https://www.amazon.com/deal/78f6e137?showVariations=true&ref=dlx_deals_gd_dcl_img_37_78f6e137_dt_sl15_bd,https://m.media-amazon.com/images/I/41JfKuuDSfL.jpg,6.57
Up to 30% off Health Care products by Amazon Basic Care,https://www.amazon.com/deal/fe338c83?showVariations=true&ref=dlx_deals_gd_dcl_img_38_fe338c83_dt_sl15_bd,https://m.media-amazon.com/images/I/5165wyRNWJL.jpg,3.86
"ArtCreativity Bubble Lawn Mower - Electronic Bubble Blower Machine - Fun Bubbles Blowing Push Toys for Kids - Bubble Solution Included - Birthday Gift for Boys, Girls, Toddlers",https://www.amazon.com/gp/slredirect/picassoRedirect.html?id=6003989921217217&adId=A06289667I1FSPJ240P4&qualifier=1640882717&widgetName=sp_gb_main_supple&url=https%3A%2F%2Fwww.amazon.com%2FArtCreativity-Bubble-Lawn-Mower-Electronic%2Fdp%2FB07RJYZHN1%3Fref%3Ddlx_deals_gd_dcl_img_39_8e85daed_dt_sl15_bd,https://m.media-amazon.com/images/I/51-cAD-GZDL.jpg,20.37
Up to 27% off Vitamix Blenders,https://www.amazon.com/deal/fb5fb4b0?showVariations=true&ref=dlx_deals_gd_dcl_img_40_fb5fb4b0_dt_sl15_bd,https://m.media-amazon.com/images/I/41rGq-FrvUL.jpg,289.95
"Wireless Microphone, TONOR UHF Dual Cordless Metal Dynamic Mic System with Rechargeable Receiver, for Karaoke Singing, Wedding, DJ, Party, Speech, Church, Class Use, 200ft (TW-630)",https://www.amazon.com/gp/slredirect/picassoRedirect.html?id=6003989921217217&adId=A03384873JSGAJQFM8T6M&qualifier=1640882717&widgetName=sp_gb_main_supple&url=https%3A%2F%2Fwww.amazon.com%2FWireless-Microphone-TONOR-Rechargeable-TW-630%2Fdp%2FB0859S2NTJ%3Fref%3Ddlx_deals_gd_dcl_img_41_30117293_dt_sl15_bd,https://m.media-amazon.com/images/I/41cxbwirsEL.jpg,56.99
"Solar Lights Outdoor, 210 LED 2500LM Solar Flood Security Lights with Motion Sensor Wireless 25FT IP65 Waterproof 3 Heads Spot Flood Wall Lights for Porch Garage Yard Entryways Patio (Black, 2pcs)",https://www.amazon.com/gp/slredirect/picassoRedirect.html?id=6003989921217217&adId=A0515486L0KW5XCJ377S&qualifier=1640882717&widgetName=sp_gb_main_supple&url=https%3A%2F%2Fwww.amazon.com%2FOutdoor-Security-Wireless-Waterproof-Entryways%2Fdp%2FB08TN185SV%3Fref%3Ddlx_deals_gd_dcl_img_42_4d18120a_dt_sl15_bd,https://m.media-amazon.com/images/I/51CvJogo7zL.jpg,33.99
"USB C Hub Multiport Adapter, Dockteck 7-in-1 USB-C Hub with 4K 60Hz HDMI, 1Gbps Ethernet, 100W Power Delivery, SD/TF Card Slots, USB 3.0 5Gbps Data Ports, for MacBook Pro, MacBook Air, iPad Pro, XPS",https://www.amazon.com/gp/slredirect/picassoRedirect.html?id=6003989921217217&adId=A00350262J3Y9CZFM2GA5&qualifier=1640882717&widgetName=sp_gb_main_supple&url=https%3A%2F%2Fwww.amazon.com%2FMultiport-Adapter-Dockteck-Ethernet-Delivery%2Fdp%2FB08SLS9W72%3Fref%3Ddlx_deals_gd_dcl_img_43_fa0a4b91_dt_sl15_bd,https://m.media-amazon.com/images/I/41xdQGcuikS.jpg,34.84
Up to 20% off Levoit Air Purifier Filters,https://www.amazon.com/deal/eafbfe44?showVariations=true&ref=dlx_deals_gd_dcl_img_44_eafbfe44_dt_sl15_bd,https://m.media-amazon.com/images/I/515E-Z5ezJL.jpg,24.99
Instant Vortex Plus 4 Quart Air Fryer,https://www.amazon.com/Instant-Touchscreen-Customizable-Programs-Stainless/dp/B08R6KMBQT?ref=dlx_deals_gd_dcl_img_45_e59fc193_dt_sl15_bd,https://m.media-amazon.com/images/I/41WAoH5H6NL.jpg,79.95
Up to 20% off Tuft & Needle mattresses and pillows,https://www.amazon.com/deal/8ea3d4c8?showVariations=false&ref=dlx_deals_gd_dcl_img_46_8ea3d4c8_dt_sl15_bd,https://m.media-amazon.com/images/I/91OIu6xam3L.jpg,72.25
"WEMAX Nova Short Throw Laser Projector – 4K Resolution UHD HDR10 Display – Smart Laser TV for Movies, Video, Gaming, High FPS Rate – Voice Command Remote – 5K+ Apps Wireless Connectivity",https://www.amazon.com/WeMax-Nova-Smart-Laser-Projector/dp/B08DK18VM9?ref=dlx_deals_gd_dcl_img_47_7185f054_dt_sl15_bd,https://m.media-amazon.com/images/I/41S6NkItJXL.jpg,"2,152.46"
Up to 31% Instant Pot Vortex Air Fryer Ovens,https://www.amazon.com/deal/763659bc?showVariations=true&ref=dlx_deals_gd_dcl_img_48_763659bc_dt_sl15_bd,https://m.media-amazon.com/images/I/517ZDIeX2AL.jpg,99.95
Up to 80% off Holiday Decor - Boxing Day Deal,https://www.amazon.com/deal/bb669bfc?showVariations=true&ref=dlx_deals_gd_dcl_img_49_bb669bfc_dt_sl15_bd,https://m.media-amazon.com/images/I/41juAKJNAyL.jpg,8.35
UEU Women's Long Sleeve Open Front Button Down Cable Knit Cardigan Sweater with Pockets,https://www.amazon.com/UEU-Cardigan-Sweaters-Outwear-Pockets/dp/B08GJSGV2L?ref=dlx_deals_gd_dcl_img_50_f043b94a_dt_sl15_bd,https://m.media-amazon.com/images/I/41xsGBSBIxL.jpg,30.57
3 Pack Compatible Ink Cartridge Replacement for Canon PG 245XL 246XL (2 Black 1 Tri-Color) 245 XL with Ink Level Used in PIXMA iP2820 MG2420 MG2520 MG2920 MG2922 MG2924 MX492 MX490 Printer,https://www.amazon.com/gp/slredirect/picassoRedirect.html?id=6003989921217217&adId=A00636413IXCNHCBK05WQ&qualifier=1640882717&widgetName=sp_gb_main_supple&url=https%3A%2F%2Fwww.amazon.com%2FRemanufactured-Cartridge-Replacement-Tri-Color-Indicator%2Fdp%2FB06Y3WCWXN%3Fref%3Ddlx_deals_gd_dcl_img_51_7ddbf07d_dt_sl15_bd,https://m.media-amazon.com/images/I/51dlwp8YuFL.jpg,45.89
"Motorola MoCA Adapter for Ethernet Over Coax, Plug and Play, Ultra Fast Speeds, Boost Home Network for Better Streaming and Gaming (2.5 Gbps (2 Pack))",https://www.amazon.com/Motorola-Adapter-Ethernet-Network-Streaming/dp/B08XWWZTLP?ref=dlx_deals_gd_dcl_img_52_0f4856ff_dt_sl15_bd,https://m.media-amazon.com/images/I/41wKPIwdNDL.jpg,115.58
"Webcam HD 1080p Web Camera, USB PC Computer Webcam with Microphone, Laptop Desktop Full HD Camera Video Webcam 110 Degree Widescreen, Pro Streaming Webcam for Recording, Calling, Conferencing, Gaming",https://www.amazon.com/gp/slredirect/picassoRedirect.html?id=6003989921217217&adId=A05907382Q4ZWDO5K4E2T&qualifier=1640882717&widgetName=sp_gb_main_supple&url=https%3A%2F%2Fwww.amazon.com%2FMicrophone-110-Degree-Widescreen-Streaming-Conferencing%2Fdp%2FB084ZJFNKN%3Fref%3Ddlx_deals_gd_dcl_img_53_e51f073c_dt_sl15_bd,https://m.media-amazon.com/images/I/41JpOzQQFUL.jpg,19.99
"Degrees of Comfort [Advanced Microplush Heated Blanket for Bed & Living Room | Machine Washable Electric Blanket W/Auto Shut Off, Preheat Setting | UL Certified",https://www.amazon.com/Degrees-Comfort-Advanced-Controller-Certified/dp/B09C1YCLSW?ref=dlx_deals_gd_dcl_img_54_18d8e8cf_dt_sl15_bd,https://m.media-amazon.com/images/I/51Z5eUUvCvL.jpg,49.99
"eureka NEU182A PowerSpeed Bagless Upright Vacuum Cleaner, Lite, Blue",https://www.amazon.com/Eureka-NEU182A-PowerSpeed-Lightweight-Bagless/dp/B07B2TNKL3?ref=dlx_deals_gd_dcl_img_55_681cc628_dt_sl15_bd,https://m.media-amazon.com/images/I/41GQ+FotTCL.jpg,67.99
Save on select digital EA action titles for PC,https://www.amazon.com/stores/page/preview?isSlp=1&isPreview=1&asins=B07DGL3SKP%2CB07DMJHS9W%2CB07QGVS1S8%2CB086QN8C57%2CB00IRLHE8A%2CB0047O2L70%2CB004JHYZKQ%2CB0088TPV54%2CB00JU9NV3K%2CB0167AK9Y8%2CB07B7GYW18%2CB08YKFCZNC%2CB094QDR29D%2CB094QBN1DY%2CB09G5C8RVL%2CB093XM263G%2CB00ZQ2SWK2%2CB07Z5Q3HJY%2CB00ZPSIMI4%2CB07T4M5MF7%2CB00PZ0DT4E%2CB01H0LFJWA%2CB00ZPW7FJM%2CB07DM7JVCY%2C&ref=dlx_deals_gd_dcl_img_56_ed22f25e_dt_sl15_bd,https://m.media-amazon.com/images/I/51ZytCUE4rL.jpg,1.99
Up to 40% off Select Sigma Lenses,https://www.amazon.com/b/?node=23659934011&ref=dlx_deals_gd_dcl_img_57_dfa04b38_dt_sl15_bd,https://m.media-amazon.com/images/I/41uipjjWXrL.jpg,174.00
"Sa gino Soft Fuzzy Faux Fur Throw Blanket 50""x60"", Solid Reversible Sherpa Blanket - Lightweight Fluffy Cozy Plush Fleece Comfy Microfiber Blanket for Couch Sofa Bed, Gray",https://www.amazon.com/Sagino-Fuzzy-Blanket-Reversible-Sherpa/dp/B08GLGPQTC?ref=dlx_deals_gd_dcl_img_58_d203225a_dt_sl15_bd,https://m.media-amazon.com/images/I/513ESBxk-5L.jpg,25.49
Save up to 50% off select Ray-Ban and Oakley Sunglasses,https://www.amazon.com/deal/823f82f1?searchAlias=fashion&ref=dlx_deals_gd_dcl_img_59_823f82f1_dt_sl15_bd,https://m.media-amazon.com/images/I/21NOAK5l5LL.jpg,64.50
